## function 用在取得return的值，procedure 用在做要做的事

# 判斷兩數大小 procedure
BEGIN
CASE 
WHEN x > y THEN 
SELECT 'bigger';
when x < y THEN
SELECT 'small';
ELSE
SELECT 'equal';
end case;
end

# 判斷輸入的值，回傳特定字串 function
BEGIN
DECLARE result varchar(10) DEFAULT '';
CASE x 
WHEN 1 then set result = 'A';
WHEN 10 then set result = 'B';
WHEN 100 then set result = 'C';
else set result = 'not much';
end CASE;
RETURN result;
end


# 輸入月份，回傳天數
BEGIN
DECLARE result varchar(10) DEFAULT '';
CASE
when x in (1,3,5,7,8,10,12) then set result = '31';
when x in (4,6,,9,11) then set result = '30';
when x = 2 then set result ='28';
ELSE set result = 'not much';
END CASE;
return result;
end

# i=i+1, procedure
BEGIN
DECLARE i int DEFAULT 0;
WHILE i < 10 DO
SELECT i;
set i=i +1;
end WHILE;
END

# until: 不成立 => 重作，直到成立 => 跳出，repeat function
CREATE FUNCTION `f7`(`x` INT) RETURNS INT NOT DETERMINISTIC NO SQL SQL SECURITY DEFINER BEGIN declare i, sum int default 0; repeat set i=i+1; set sum = sum + i; until i >= x end repeat; return sum; END

BEGIN
declare i, sum int default 0;
 repeat
  set i=i+1;
  set sum = sum + i;
  until i >= x
 end repeat;
 return sum
END

# 無窮迴圈 procedure ，重複print 123直到i大於7跳出，label:可自定義名稱
CREATE DEFINER=`root`@`localhost` PROCEDURE `p4`() NOT DETERMINISTIC NO SQL SQL SECURITY DEFINER BEGIN DECLARE i int DEFAULT 0; label: LOOP IF i < 7 THEN SELECT '123'; ELSE LEAVE label; END IF; set i = i + 1; END LOOP label; SELECT i ; END

BEGIN
	DECLARE i int DEFAULT 0;
	label: LOOP
    	IF i < 7 THEN
    		SELECT '123';
            ELSE
            	LEAVE label;
        END IF;
        set i = i + 1;
    END LOOP label;
    SELECT i ;
END

# iterate 迭代

BEGIN
	DECLARE i int DEFAULT 0;
	label: LOOP
    	IF i < 7 THEN
    		SELECT '123';
		elseif i > 10 then
			LEAVE label;
        ELSE
			select 'restart';
			set i = 100;
			iterate label;
        END IF;
        set i = i + 1;
    END LOOP label;
    SELECT i ;
END

# 使用EXIT, CONTINUE... 判斷SQLSTATE，接著輸出訊息
# FOR 之後可以接 SQLWARNING, SQLEXCEPTION 等...
BEGIN
DECLARE EXIT HANDLER FOR SQLSTATE '23000'
	BEGIN
    	SELECT '23000 code output';        
    END;
INSERT INTO students (cid,cname,csex,cbirthday) VALUES
(id, cname, sex, birthday);
SELECT 'input ok';
END

# OPEN, CLOSE

BEGIN
	DECLARE i INT;
    DECLARE vexit INT DEFAULT 0;
    DECLARE id INT DEFAULT 0;
    DECLARE name varchar(10) DEFAULT '';    
	DECLARE curs CURSOR FOR
    	SELECT cid,cname FROM students;
    DECLARE CONTINUE HANDLER FOR NOT FOUND SET vexit = 1;
    OPEN curs;
    label:LOOP
    	FETCH curs INTO id, name;
        IF vexit =1 THEN
        	LEAVE label;
        END IF;
        SELECT concat(id,":",name);
    END LOOP label;
    CLOSE curs;
END



BEGIN
	DECLARE i INT;
    DECLARE vexit INT DEFAULT 0;
    DECLARE id INT DEFAULT 0;
    DECLARE name varchar(10) DEFAULT '';
    DECLARE newstatus varchar(10) DEFAULT '';
	DECLARE curs CURSOR FOR
    	SELECT cid,cname FROM students;
    DECLARE CONTINUE HANDLER FOR NOT FOUND SET vexit = 1;
    OPEN curs;
    label:LOOP
    	FETCH curs INTO id, scores;
        IF vexit =1 THEN
        	LEAVE label;
        END IF;
        IF score >= 60 THEN
        	set newstatus = 'pass';
        ELSE
        	set newstatus = 'fail';
        END IF;
        UPDATE students SET status = newstatus WHERE cid = id;
    END LOOP label;
    CLOSE curs;
END

# trigger 的建立
CREATE TRIGGER `t1` AFTER UPDATE ON `students`
 FOR EACH ROW BEGIN
	INSERT INTO log (time,msg) VALUES (now(),"update");
END


# lock table 鎖定表單
lock tables students read;
lock tables students read write;
unlock tables;

# transaction, 0 off, 1 on
set autocommit = 0;
start transaction;
rollback;
commit;

# 正規表示法
select * from students where caddr regexp '^建國';
select * from students where caddr regexp '樓$';
select * from students where caddr regexp '^建國';
# 空字串
select * from students where caddr regexp '^$';

# . 表示任意字元
select * from students where caddr regexp '^...$';

# 創帳號
create user alen@'%' identified by '123123';
show grants for alen@localhost;
show grants for root@localhost;
# 給權限 on 庫.表 
grant all on class.* to alen@'%';
flush privileges;

# 匯出檔案，fields terminated by ',' 可匯出csv檔

select * into outfile 'C:/Users/Public/Downloads/out.txt' from students;
select * into outfile 'C:/Users/Public/Downloads/out2.txt' fields terminated by ',' from students;
select * into outfile 'C:/Users/Public/Downloads/out3.csv' fields terminated by ',' enclosed by '"' from students;

# 建一個空的table，匯入資料表
create table news like students;
load data infile 'C:/Users/Public/Downloads/out.txt' into table news;

# mysql shell utility, JSON Import Utility 


# .sql檔匯入mysql
mysql -u root < C:\Users\Public\Downloads\mysqlsampledatabase.sql

# 建立全文搜索, 搜索名稱 on 表(欄位,欄位)
create fulltext index fsearch on productlines(textdescription);

show indexes from productlines\G
*************************** 1. row ***************************
        Table: productlines
   Non_unique: 0
     Key_name: PRIMARY
 Seq_in_index: 1
  Column_name: productLine
    Collation: A
  Cardinality: 7
     Sub_part: NULL
       Packed: NULL
         Null:
   Index_type: BTREE
      Comment:
Index_comment:
*************************** 2. row ***************************
        Table: productlines
   Non_unique: 1
     Key_name: fsearch
 Seq_in_index: 1
  Column_name: textDescription
    Collation: NULL
  Cardinality: NULL
     Sub_part: NULL
       Packed: NULL
         Null: YES
   Index_type: FULLTEXT
      Comment:
Index_comment:
2 rows in set (0.000 sec)

# 搜尋關鍵字 against('automobiles');
select productline from productlines where match(textdescription) against('automobiles');
+--------------+
| productline  |
+--------------+
| Vintage Cars |
+--------------+
1 row in set (0.001 sec)


# 多個關鍵字against('automobiles,trains');
select productline from productlines where match(textdescription) against('automobiles,trains');
+--------------+
| productline  |
+--------------+
| Trains       |
| Vintage Cars |
+--------------+
2 rows in set (0.001 sec)
